archivo,cufe,numero_factura,fecha_emision,nit_emisor,codigo,descripcion,cantidad,precio_unitario,cuadre_subtotal,requiere_revision
01_eccc372e4bdb.pdf,eccc372e4bdb8125cf2e896b405ddb91918c7c6d92238892e3b36bd3b6a86929a3c47ed18ae8f559a1bf51b89ab560f1,FEBQ-243564,2024-11-05,800033723,0,MAMOGRAFIA UNILATERALO PIEZA QUIRURGICA,1.0,75000.0,True,False
02_8e7b821b4644.pdf,8e7b821b46445807245ad6c223d6a054923cea3e5dc59983e55a40cfeac2a4f570eccb198446b27d15c8d834c2e2ced9,FE-184420,2024-11-07,900142282,SPON1,CONSULTA DE PRIMERA VEZ POR NUTRICION Y DIETETICA,1.0,42400.0,True,False
03_6a7ec741dd95.pdf,6a7ec741dd95ff7f5240481b3ed287f85eea3b665a8b26b91b376095f9bb134d2397ec96586fd16e116ef247a6506770,FEHP-620761,2024-11-08,800099860,85121701,CONSULTA DE PRIMERA VEZ POR TRABAJO SOCIAL,1.0,21800.0,True,False
03_6a7ec741dd95.pdf,6a7ec741dd95ff7f5240481b3ed287f85eea3b665a8b26b91b376095f9bb134d2397ec96586fd16e116ef247a6506770,FEHP-620761,2024-11-08,800099860,85121701,VALORACION POR PSICOLOGO,1.0,28800.0,True,False
04_c2e740942c19.pdf,c2e740942c1925d57f2e82254f21992cbad461a0df57fd42a1475fbe71ba5ab68a824c03487cbc19e80c50e436dd30fe,SFA-556956,2023-06-28,891180091,906249,"CPN PRUEBA RAPIDA VIH1 Y 2, ANTICUERPOS",1.0,88800.0,True,False
04_c2e740942c19.pdf,c2e740942c1925d57f2e82254f21992cbad461a0df57fd42a1475fbe71ba5ab68a824c03487cbc19e80c50e436dd30fe,SFA-556956,2023-06-28,891180091,902207,CPN HEMOGRAMA 1 (HEMOGLOBINA HEMATOCRITO Y LEUCOGRAMA) MANUAL,1.0,25680.0,True,False
04_c2e740942c19.pdf,c2e740942c1925d57f2e82254f21992cbad461a0df57fd42a1475fbe71ba5ab68a824c03487cbc19e80c50e436dd30fe,SFA-556956,2023-06-28,891180091,903841,CPN GLUCOSA EN SUEROU OTRO FLUIDO DIFERENTEA ORINA,1.0,15440.0,True,False
04_c2e740942c19.pdf,c2e740942c1925d57f2e82254f21992cbad461a0df57fd42a1475fbe71ba5ab68a824c03487cbc19e80c50e436dd30fe,SFA-556956,2023-06-28,891180091,911015,CPN HEMOCLASIFICACION,1.0,32800.0,True,False
04_c2e740942c19.pdf,c2e740942c1925d57f2e82254f21992cbad461a0df57fd42a1475fbe71ba5ab68a824c03487cbc19e80c50e436dd30fe,SFA-556956,2023-06-28,891180091,906317,CPN HEPATITIS B ANTIGENO DE SUPERFICIE PRUEBA RAPIDA,1.0,111680.0,True,False
04_c2e740942c19.pdf,c2e740942c1925d57f2e82254f21992cbad461a0df57fd42a1475fbe71ba5ab68a824c03487cbc19e80c50e436dd30fe,SFA-556956,2023-06-28,891180091,906039,CPN PRUEBA RAPIDA TREPONEMA PARA SIFILIS TREPONEMA PALLIDUM ANTICUERPOS MANUAL O SEMIAUTOMATIZADA O AUTOMATIZADA,1.0,16400.0,True,False
05_3e6331e537f0.pdf,3e6331e537f08a54ec2d9f38904afaae80b16ffa502a12fd9aba388048d50d76b311809be9236aaa1bd1cc781a9d87f3,FESR-15847,2024-11-08,900141467,C40112,TRATAMIENTO MENSUALDEL PACIENTE CON IRC EN PREDIALISIS JULIO ENRIQUE PARRA 2000014968252304857,1.0,663203.0,True,False
06_f639eb72baf2.pdf,f639eb72baf2e301eddde8e8e5087295831a12c781d4cf6b4671932cdfa3599223aa3375af807a1f5d66aa1543c9fb91,FC-1861,2024-11-01,900717202,881436,ECOGRAFIA OBSTETRICACON TRANSLUCENCIA NUCAL (TAMIZAJE GENETICO)PERINATOLOGIA,1.0,130500.0,True,False
06_f639eb72baf2.pdf,f639eb72baf2e301eddde8e8e5087295831a12c781d4cf6b4671932cdfa3599223aa3375af807a1f5d66aa1543c9fb91,FC-1861,2024-11-01,900717202,881437,ECOGRAFIA OBSTETRICACON DETALLE ANATOMICO PERINATOLOGIA,1.0,191250.0,True,False
06_f639eb72baf2.pdf,f639eb72baf2e301eddde8e8e5087295831a12c781d4cf6b4671932cdfa3599223aa3375af807a1f5d66aa1543c9fb91,FC-1861,2024-11-01,900717202,882262,ECOGRAFIA DOPPLER DEARTERIAS ILIACAS,1.0,131963.0,True,False
06_f639eb72baf2.pdf,f639eb72baf2e301eddde8e8e5087295831a12c781d4cf6b4671932cdfa3599223aa3375af807a1f5d66aa1543c9fb91,FC-1861,2024-11-01,900717202,E8S90304,CONSULTA DE CONTROLPOR ESPECIALISTA EN PERINATOLOGIA,1.0,97740.0,True,False
06_f639eb72baf2.pdf,f639eb72baf2e301eddde8e8e5087295831a12c781d4cf6b4671932cdfa3599223aa3375af807a1f5d66aa1543c9fb91,FC-1861,2024-11-01,900717202,E890288,CONSULTA PRIMERA VESPOR ESPECIALISTA EN PERINATOLOGIA,1.0,107280.0,True,False
07_2a90ab2ce6b5.pdf,2a90ab2ce6b54e505fc9f463bffb528244abef80d9ab1a9a39d771169c7cfe52b9a48b6feab1fdceb8b4b59ff6e319db,HTFE-6599,2024-11-04,819001302,,Consulta De Primera Vez Por Medicina General,1.0,52000.0,True,False
08_341a447c4891.pdf,341a447c4891f8e302771bf6a6d95d7011e72d44a8cb670356cbb5e92549824eb0071c542261d837978cfd351d2131d1,CRIA-1406,2025-01-04,900843572,938662,REHABILITACION FUNCIONAL DE LA DEFICIENCIA -DISCAPACIDAD DEFINITIVA SEVERA,1.0,2900000.0,True,False
09_bbed883f8030.pdf,bbed883f80308e0e0e16e52a1286d71274b1a78419875458c590fcec41c065eda762aaef478775dc219de3c5e2d6400b,HISF-277602,2024-11-05,808003500,S19911,S19911 Tiroidea estimulante TSH (II N),1.0,102100.0,True,False
09_bbed883f8030.pdf,bbed883f80308e0e0e16e52a1286d71274b1a78419875458c590fcec41c065eda762aaef478775dc219de3c5e2d6400b,HISF-277602,2024-11-05,808003500,519917,519917 Tiroxina T4 libre (1IN),1.0,82400.0,True,False
10_70d1aab6f793.pdf,70d1aab6f793d4fc7151d69400138cf1bd147e54aaeaf274072898f9d12d979e86e8de79fef27668896db76589323ad0,HUFE-510239,2025-01-03,800000118,85121502,PROGRAMA MADRE CANGURO SEGUNDA FASE_A,1.0,770000.0,True,False
